lambda,transmittance,polished,trasm_error
9.000000000000001e-07,0.0279,0.03834524463991204,0.00023007146783947223
8.995e-07,0.0244,0.030680246447881303,0.0001840814786872878
8.990000000000001e-07,0.0317,0.04455375966268447,0.0002673225579761068
8.985000000000001e-07,-0.0016,-0.002177463255307567,-1.3064779531845401e-05
8.98e-07,0.01,0.014619883040935672,8.771929824561403e-05
8.975000000000001e-07,0.0161,0.02116749934262424,0.00012700499605574543
8.97e-07,0.0059,0.008086622807017543,4.8519736842105256e-05
8.965e-07,0.0123,0.016925829090408698,0.00010155497454245219
8.960000000000001e-07,0.0197,0.029163582531458176,0.00017498149518874905
8.955e-07,-0.0019,-0.002465931213497729,-1.4795587280986374e-05
8.95e-07,0.005,0.006885155604516663,4.131093362709997e-05
8.945000000000001e-07,0.0095,0.013384051845590307,8.030431107354184e-05
8.94e-07,0.019,0.026938891251949523,0.00016163334751169716
8.935000000000001e-07,0.0222,0.03155650319829424,0.00018933901918976543
8.930000000000001e-07,0.0196,0.026105487480021308,0.00015663292488012786
8.925e-07,0.02,0.027548209366391185,0.00016528925619834712
8.920000000000001e-07,0.0036,0.005120910384068279,3.0725462304409674e-05
8.915000000000001e-07,0.0166,0.023126219002507664,0.00013875731401504597
8.91e-07,0.0251,0.03511963061424374,0.0002107177836854624
8.905000000000001e-07,0.0032,0.004576004576004576,2.7456027456027455e-05
8.900000000000001e-07,0.0157,0.02152749211572741,0.00012916495269436445
8.895e-07,0.0184,0.025467128027681658,0.00015280276816608993
8.890000000000001e-07,0.0238,0.03217085698837524,0.00019302514193025145
8.885e-07,0.0209,0.028466357940615635,0.0001707981476436938
8.88e-07,0.013,0.017839989021545218,0.0001070399341292713
8.875000000000001e-07,0.0144,0.019894998618402875,0.00011936999171041724
8.87e-07,0.0223,0.030460319628466057,0.00018276191777079635
8.865e-07,0.0144,0.020671834625323,0.00012403100775193799
8.860000000000001e-07,0.023,0.031558726673984634,0.0001893523600439078
8.855e-07,0.0115,0.01609967800643987,9.659806803863922e-05
8.850000000000001e-07,0.0167,0.023382805936712405,0.00014029683562027443
8.845000000000001e-07,0.0127,0.017981027891830665,0.00010788616735098399
8.84e-07,0.0148,0.020470262793914246,0.00012282157676348548
8.835000000000001e-07,0.0132,0.01870748299319728,0.00011224489795918367
8.830000000000001e-07,0.0128,0.01725532488541386,0.00010353194931248316
8.825e-07,0.0098,0.013692888081598435,8.215732848959061e-05
8.820000000000001e-07,0.0209,0.02866547798655877,0.00017199286791935261
8.815e-07,0.0174,0.024424480628860188,0.0001465468837731611
8.81e-07,0.0171,0.024231259742100043,0.00014538755845260027
8.805000000000001e-07,0.0155,0.02149493828872556,0.00012896962973235336
8.8e-07,0.0164,0.022940271366624704,0.00013764162819974822
8.795e-07,0.0131,0.018273120379411357,0.00010963872227646814
8.790000000000001e-07,0.0121,0.01685941201058938,0.00010115647206353628
8.785e-07,0.016,0.02234012845573862,0.00013404077073443172
8.780000000000001e-07,0.0142,0.02002820874471086,0.00012016925246826517
8.775000000000001e-07,0.0143,0.019852839094821603,0.00011911703456892962
8.77e-07,0.0185,0.025517241379310343,0.00015310344827586204
8.765000000000001e-07,0.0126,0.017590395085857878,0.00010554237051514726
8.760000000000001e-07,0.0199,0.02731640356897735,0.0001638984214138641
8.755e-07,0.017,0.023351648351648355,0.00014010989010989014
8.750000000000001e-07,0.0166,0.02285871660699532,0.0001371522996419719
8.745000000000001e-07,0.0183,0.025399028452463567,0.0001523941707147814
8.74e-07,0.0157,0.021829810901001112,0.00013097886540600667
8.735000000000001e-07,0.0156,0.021642619311875694,0.00012985571587125416
8.73e-07,0.0185,0.025531327629036708,0.00015318796577422025
8.725e-07,0.0189,0.026297481563934882,0.00015778488938360927
8.720000000000001e-07,0.0151,0.02088231226662979,0.00012529387359977876
8.715e-07,0.0167,0.023021781086297214,0.00013813068651778328
8.71e-07,0.0163,0.022642033615779968,0.0001358522016946798
8.705000000000001e-07,0.0178,0.024633268751729862,0.00014779961251037917
8.7e-07,0.0144,0.019758507135016465,0.00011855104281009878
8.695000000000001e-07,0.0159,0.022009966777408636,0.00013205980066445183
8.690000000000001e-07,0.0182,0.02493833927103316,0.00014963003562619895
8.685e-07,0.0173,0.023991124670642076,0.00014394674802385243
8.680000000000001e-07,0.0155,0.021270756141073145,0.00012762453684643887
8.675000000000001e-07,0.0177,0.024491490244914902,0.0001469489414694894
8.67e-07,0.0177,0.024346629986244844,0.00014607977991746906
8.665000000000001e-07,0.0165,0.022658610271903325,0.00013595166163141994
8.66e-07,0.0173,0.023911541119557705,0.00014346924671734622
8.655e-07,0.0179,0.024601429356789443,0.00014760857614073665
8.650000000000001e-07,0.0177,0.024491490244914902,0.0001469489414694894
8.645e-07,0.0169,0.023368362831858405,0.00014021017699115043
8.64e-07,0.0186,0.025234025234025233,0.0001514041514041514
8.635000000000001e-07,0.0166,0.02276467361492046,0.00013658804168952275
8.63e-07,0.0172,0.02361664149388988,0.00014169984896333928
8.625000000000001e-07,0.0167,0.022996419719085653,0.00013797851831451392
8.620000000000001e-07,0.0173,0.02382263839162765,0.0001429358303497659
8.615e-07,0.0166,0.02285871660699532,0.0001371522996419719
8.610000000000001e-07,0.0177,0.024346629986244844,0.00014607977991746906
8.605000000000001e-07,0.0176,0.024106286810026026,0.00014463772086015616
8.6e-07,0.017,0.023236741388737017,0.0001394204483324221
8.595000000000001e-07,0.017,0.0233292164127899,0.0001399752984767394
8.590000000000001e-07,0.0175,0.023864721123687444,0.00014318832674212466
8.585e-07,0.0173,0.023624197733169466,0.00014174518639901678
8.580000000000001e-07,0.017,0.023268546400218998,0.00013961127840131398
8.575e-07,0.0168,0.02291950886766712,0.0001375170532060027
8.57e-07,0.0176,0.024106286810026026,0.00014463772086015616
8.565000000000001e-07,0.0176,0.024073314184106145,0.00014443988510463686
8.56e-07,0.0171,0.023370233702337023,0.00014022140221402212
8.555e-07,0.0176,0.02403058438012015,0.00014418350628072092
8.550000000000001e-07,0.0171,0.023392612859097127,0.00014035567715458275
8.545e-07,0.0171,0.023290656496867342,0.00013974393898120405
8.540000000000001e-07,0.0177,0.024078356686165148,0.00014447014011699088
8.535000000000001e-07,0.0178,0.024171645844649644,0.00014502987506789786
8.53e-07,0.0181,0.024635905811896012,0.00014781543487137606
8.525000000000001e-07,0.0178,0.024214392599646306,0.00014528635559787784
8.520000000000001e-07,0.0177,0.024029323920716807,0.00014417594352430084
8.515e-07,0.0176,0.024053573869072024,0.00014432144321443213
8.510000000000001e-07,0.0177,0.02409802586793737,0.0001445881552076242
8.505e-07,0.0181,0.024615803073575415,0.00014769481844145247
8.5e-07,0.0173,0.023515019709120562,0.00014109011825472336
8.495000000000001e-07,0.0177,0.024019541321753293,0.00014411724793051976
8.49e-07,0.018,0.024439918533604884,0.0001466395112016293
8.485e-07,0.018,0.024489795918367346,0.00014693877551020406
8.480000000000001e-07,0.0176,0.023877357210690547,0.00014326414326414327
8.475e-07,0.0179,0.024307441607821834,0.00014584464964693099
8.47e-07,0.0179,0.024307441607821834,0.00014584464964693099
8.465000000000001e-07,0.0179,0.024343805249558002,0.000146062831497348
8.46e-07,0.0178,0.024211099020674646,0.00014526659412404785
8.455000000000001e-07,0.0178,0.02412904974922055,0.0001447742984953233
8.450000000000001e-07,0.0175,0.023674242424242428,0.00014204545454545457
8.445e-07,0.0178,0.02413886628695416,0.00014483319772172495
8.440000000000001e-07,0.0182,0.02466458869765551,0.00014798753218593305
8.435000000000001e-07,0.0179,0.024212092519951305,0.00014527255511970782
8.43e-07,0.0181,0.024539045553145337,0.00014723427331887203
8.425000000000001e-07,0.0182,0.02463787735210505,0.0001478272641126303
8.42e-07,0.0182,0.02467462039045553,0.00014804772234273315
8.415e-07,0.0181,0.02459239130434783,0.000147554347826087
8.410000000000001e-07,0.0183,0.02476319350473613,0.00014857916102841679
8.405e-07,0.0184,0.02494577006507592,0.0001496746203904555
8.4e-07,0.0182,0.02464121310587598,0.00014784727863525587
8.395000000000001e-07,0.0181,0.02458905040076077,0.0001475343024045646
8.39e-07,0.0181,0.02454570111201519,0.00014727420667209112
8.385000000000001e-07,0.0181,0.0245656894679696,0.0001473941368078176
8.380000000000001e-07,0.0182,0.02467462039045553,0.00014804772234273315
8.375e-07,0.0182,0.024661246612466128,0.00014796747967479675
8.370000000000001e-07,0.0182,0.024647887323943664,0.000147887323943662
8.365000000000001e-07,0.0181,0.02456235581490026,0.00014737413488940154
8.36e-07,0.0183,0.024891186071817194,0.00014934711643090315
8.355000000000001e-07,0.0182,0.024748436225183572,0.00014849061735110143
8.35e-07,0.0185,0.025098358431691763,0.00015059015059015057
8.345e-07,0.0183,0.02491151647154914,0.00014946909882929485
8.340000000000001e-07,0.0185,0.02515295717199184,0.00015091774303195102
8.335e-07,0.0186,0.025282044311540026,0.00015169226586924015
8.33e-07,0.0185,0.025180345719341225,0.00015108207431604735
8.325000000000001e-07,0.0185,0.025108577633007598,0.00015065146579804558
8.32e-07,0.0186,0.025282044311540026,0.00015169226586924015
8.315e-07,0.0184,0.025006795324816526,0.00015004077194889914
8.310000000000001e-07,0.0185,0.025211229217770508,0.00015126737530662303
8.305e-07,0.0187,0.025428338319282023,0.00015257002991569211
8.300000000000001e-07,0.0186,0.025323349217154522,0.00015194009530292713
8.295000000000001e-07,0.0186,0.025275173257236036,0.00015165103954341622
8.29e-07,0.0189,0.025759847349052747,0.00015455908409431647
8.285000000000001e-07,0.0186,0.02529923830250272,0.0001517954298150163
8.280000000000001e-07,0.0188,0.025595643294758337,0.00015357385976855
8.275e-07,0.0189,0.025780930296003274,0.00015468558177601964
8.270000000000001e-07,0.0187,0.02546296296296296,0.00015277777777777775
8.265e-07,0.0187,0.02546989921002452,0.0001528193952601471
8.26e-07,0.0188,0.025651521353527086,0.0001539091281211625
8.255000000000001e-07,0.0188,0.025651521353527086,0.0001539091281211625
8.25e-07,0.0188,0.02566202566202566,0.00015397215397215398
8.245e-07,0.019,0.025885558583106268,0.00015531335149863762
8.240000000000001e-07,0.019,0.02593148628360857,0.00015558891770165142
8.235e-07,0.0189,0.025773898813582437,0.0001546433928814946
8.230000000000001e-07,0.0189,0.025717784732616683,0.0001543067083957001
8.225000000000001e-07,0.0191,0.026018253643917723,0.00015610952186350633
8.22e-07,0.0188,0.025595643294758337,0.00015357385976855
8.215000000000001e-07,0.019,0.025864416008712223,0.00015518649605227331
8.210000000000001e-07,0.0192,0.026179438232887917,0.0001570766293973275
8.205e-07,0.019,0.025924409878564605,0.00015554645927138764
8.200000000000001e-07,0.0192,0.026225925420024585,0.0001573555525201475
8.195e-07,0.0194,0.026473799126637554,0.00015884279475982533
8.19e-07,0.0191,0.026046638483567437,0.00015627983090140462
8.185000000000001e-07,0.0193,0.02631578947368421,0.00015789473684210524
8.18e-07,0.0193,0.02632296781232952,0.0001579378068739771
8.175e-07,0.0195,0.026672137874435783,0.0001600328272466147
8.170000000000001e-07,0.0193,0.026337336244541487,0.0001580240174672489
8.165e-07,0.0193,0.02633374266612089,0.00015800245599672535
8.16e-07,0.0195,0.02660663119115841,0.00015963978714695045
8.155000000000001e-07,0.0194,0.02644492911668484,0.00015866957470010902
8.15e-07,0.0195,0.02658486707566462,0.00015950920245398772
8.145000000000001e-07,0.0195,0.026595744680851064,0.00015957446808510637
8.140000000000001e-07,0.0196,0.026761332605133803,0.00016056799563080281
8.135e-07,0.0195,0.026617526617526616,0.00015970515970515966
8.130000000000001e-07,0.0196,0.02675767918088737,0.00016054607508532423
8.125000000000001e-07,0.0195,0.026581243184296617,0.00015948745910577972
8.12e-07,0.0196,0.026721199727334694,0.00016032719836400815
8.115000000000001e-07,0.0196,0.026739427012278306,0.00016043656207366985
8.11e-07,0.0197,0.02690521715378312,0.0001614313029226987
8.105e-07,0.0197,0.026872186604828808,0.00016123311962897284
8.100000000000001e-07,0.02,0.02728885250375222,0.00016373311502251332
8.095e-07,0.0196,0.026735779566225616,0.0001604146773973537
8.09e-07,0.02,0.027262813522355506,0.00016357688113413302
8.085000000000001e-07,0.0199,0.027108023430050403,0.00016264814058030244
8.08e-07,0.0198,0.027001227328514937,0.0001620073639710896
8.075e-07,0.02,0.027251669164736342,0.00016351001498841804
8.070000000000001e-07,0.02,0.027281407720638386,0.00016368844632383032
8.065e-07,0.02,0.027214587018641993,0.00016328752211185196
8.060000000000001e-07,0.0201,0.02744776730848013,0.0001646866038508808
8.055000000000001e-07,0.0202,0.02751293925360937,0.0001650776355216562
8.05e-07,0.0201,0.02739165985282093,0.00016434995911692558
8.045000000000001e-07,0.0202,0.02751293925360937,0.0001650776355216562
8.04e-07,0.0203,0.027652908323116742,0.00016591744993870044
8.035e-07,0.0204,0.027777777777777776,0.00016666666666666666
8.030000000000001e-07,0.0203,0.027686852154937262,0.00016612111292962358
8.025e-07,0.0204,0.02777021508303839,0.00016662129049823033
8.02e-07,0.0203,0.027671755725190837,0.00016603053435114502
8.015000000000001e-07,0.0205,0.027910142954390742,0.00016746085772634443
8.01e-07,0.0205,0.0279291553133515,0.000167574931880109
8.005e-07,0.0206,0.02803865523342861,0.00016823193140057163
8.000000000000001e-07,0.0206,0.02804247209365641,0.00016825483256193845
7.995e-07,0.0207,0.02814794669567582,0.00016888768017405493
7.990000000000001e-07,0.0207,0.02814794669567582,0.00016888768017405493
7.985000000000001e-07,0.0208,0.028307022318998364,0.00016984213391399019
7.98e-07,0.0208,0.028310875187151217,0.0001698652511229073
7.975000000000001e-07,0.0209,0.0284199075333152,0.00017051944519989117
7.970000000000001e-07,0.0209,0.028493524199045668,0.000170961145194274
7.965e-07,0.0208,0.02827239363871143,0.0001696343618322686
7.960000000000001e-07,0.0209,0.0284199075333152,0.00017051944519989117
7.955e-07,0.0209,0.028427638737758432,0.00017056583242655059
7.95e-07,0.0209,0.028377460964019004,0.000170264765784114
7.945000000000001e-07,0.0213,0.029003267973856207,0.00017401960784313724
7.94e-07,0.0211,0.02868406742794997,0.00017210440456769983
7.935e-07,0.0212,0.028823929299796054,0.0001729435757987763
7.930000000000001e-07,0.0213,0.02895201848579584,0.00017371211091477502
7.925e-07,0.0211,0.028672373963853786,0.00017203424378312273
7.92e-07,0.0213,0.028912718881498572,0.00017347631328899142
7.915000000000001e-07,0.0214,0.029076086956521738,0.00017445652173913044
7.91e-07,0.0215,0.029223868424629602,0.0001753432105477776
7.905000000000001e-07,0.0216,0.02938775510204082,0.00017632653061224488
7.900000000000001e-07,0.0216,0.0293398533007335,0.000176039119804401
7.895e-07,0.0215,0.029204020646563432,0.00017522412387938058
7.890000000000001e-07,0.0218,0.029583389876509703,0.00017750033925905822
7.885e-07,0.0218,0.029619565217391303,0.00017771739130434782
7.88e-07,0.0216,0.029379760609358,0.000176278563656148
7.875000000000001e-07,0.0217,0.0294716827380144,0.00017683009642808638
7.87e-07,0.0219,0.029751392473848663,0.00017850835484309197
7.865e-07,0.0217,0.02945967960901439,0.00017675807765408634
7.860000000000001e-07,0.022,0.029895366218236172,0.00017937219730941703
7.855e-07,0.022,0.02984264785675529,0.00017905588714053173
7.85e-07,0.0219,0.029706999457406402,0.0001782419967444384
7.845000000000001e-07,0.0222,0.030065005417118096,0.00018039003250270859
7.84e-07,0.0221,0.029994571118349623,0.0001799674267100977
7.835000000000001e-07,0.0222,0.030134383059590063,0.00018080629835754035
7.830000000000001e-07,0.0222,0.030150753768844223,0.0001809045226130653
7.825e-07,0.0223,0.030253696920363587,0.00018152218152218152
7.820000000000001e-07,0.0222,0.030158945795408235,0.0001809536747724494
7.815000000000001e-07,0.0224,0.03036876355748373,0.00018221258134490235
7.81e-07,0.0224,0.03036876355748373,0.00018221258134490235
7.805000000000001e-07,0.0227,0.03078383509628424,0.00018470301057770544
7.8e-07,0.0227,0.030796364129697464,0.0001847781847781848
7.795e-07,0.0224,0.030389363722697058,0.00018233618233618232
7.790000000000001e-07,0.0227,0.030767145567904584,0.00018460287340742748
7.785e-07,0.0227,0.030713029360032475,0.00018427817616019484
7.78e-07,0.0227,0.030813085380752003,0.000184878512284512
7.775000000000001e-07,0.0228,0.03088593876998104,0.00018531563261988621
7.77e-07,0.0229,0.0310676977343644,0.0001864061864061864
7.765e-07,0.023,0.031194900311949006,0.00018716940187169404
7.760000000000001e-07,0.023,0.031144211238997965,0.00018686526743398778
7.755e-07,0.0229,0.03105505831299159,0.00018633034987794954
7.750000000000001e-07,0.0231,0.031237322515212978,0.00018742393509127786
7.745000000000001e-07,0.0233,0.03161894422581083,0.000189713665354865
7.74e-07,0.0232,0.03138952780408605,0.00018833716682451626
7.735000000000001e-07,0.0235,0.031864406779661014,0.0001911864406779661
7.73e-07,0.0234,0.031664411366711775,0.00018998646820027063
7.725e-07,0.0234,0.031664411366711775,0.00018998646820027063
7.720000000000001e-07,0.0234,0.03167727088127792,0.0001900636252876675
7.715e-07,0.0236,0.0320086803200868,0.0001920520819205208
7.71e-07,0.0236,0.031960996749729145,0.00019176598049837487
7.705000000000001e-07,0.0238,0.03218390804597701,0.00019310344827586204
7.7e-07,0.0236,0.031960996749729145,0.00019176598049837487
7.695e-07,0.0239,0.03230602865639362,0.0001938361719383617
7.690000000000001e-07,0.0239,0.03234100135317997,0.00019404600811907984
7.685e-07,0.0239,0.03230602865639362,0.0001938361719383617
7.680000000000001e-07,0.024,0.032454361054766734,0.0001947261663286004
7.675000000000001e-07,0.0241,0.032602813852813856,0.0001956168831168831
7.67e-07,0.0241,0.032598403895576895,0.00019559042337346136
7.665000000000001e-07,0.0244,0.03303100040611886,0.00019818600243671315
7.660000000000001e-07,0.0242,0.03268945022288262,0.0001961367013372957
7.655e-07,0.0243,0.03284227598324098,0.00019705365589944585
7.650000000000001e-07,0.0244,0.03302652950730915,0.0001981591770438549
7.645e-07,0.0243,0.03286893006898418,0.00019721358041390507
7.64e-07,0.0246,0.03325672569960795,0.0001995403541976477
7.635000000000001e-07,0.0245,0.03311705866450392,0.00019870235198702352
7.63e-07,0.0246,0.0332522303325223,0.0001995133819951338
7.625e-07,0.0248,0.03353163872363439,0.00020118983234180632
7.620000000000001e-07,0.0248,0.033518042978780915,0.00020110825787268547
7.615e-07,0.025,0.03382034632034633,0.00020292207792207796
7.61e-07,0.0249,0.03358510925276504,0.00020151065551659024
7.605000000000001e-07,0.0249,0.03364410214835833,0.00020186461289014996
7.6e-07,0.0251,0.03390975412050797,0.00020345852472304784
7.595000000000001e-07,0.0251,0.03390517357827908,0.0002034310414696745
7.590000000000001e-07,0.0252,0.03398974912328028,0.0002039384947396817
7.585e-07,0.0254,0.03438472993095979,0.00020630837958575873
7.580000000000001e-07,0.0252,0.034040253951100906,0.00020424152370660542
7.575000000000001e-07,0.0255,0.03446411677253683,0.000206784700635221
7.57e-07,0.0255,0.03438047728191991,0.00020628286369151944
7.565000000000001e-07,0.0256,0.034594594594594595,0.00020756756756756757
7.56e-07,0.0258,0.034817813765182185,0.00020890688259109311
7.555e-07,0.0255,0.034440842787682335,0.00020664505672609402
7.550000000000001e-07,0.0259,0.034948050195655105,0.0002096883011739306
7.545e-07,0.0258,0.03480841878035618,0.0002088505126821371
7.54e-07,0.0259,0.03499527090933657,0.00020997162545601943
7.535000000000001e-07,0.0261,0.03522267206477733,0.000211336032388664
7.53e-07,0.026,0.035016835016835016,0.0002101010101010101
7.525e-07,0.0262,0.03531949312483149,0.00021191695874898895
7.520000000000001e-07,0.0263,0.035444743935309976,0.00021266846361185987
7.515e-07,0.0262,0.03528619528619528,0.00021171717171717167
7.510000000000001e-07,0.0265,0.03571428571428571,0.00021428571428571425
7.505000000000001e-07,0.0264,0.03556034482758621,0.00021336206896551725
7.5e-07,0.0265,0.03570466181622204,0.00021422797089733225
7.495000000000001e-07,0.0266,0.03581044695745826,0.00021486268174474954
7.49e-07,0.0266,0.0358152686145146,0.00021489161168708763
7.485e-07,0.0268,0.03610400107773138,0.00021662400646638828
7.480000000000001e-07,0.0268,0.0360699865410498,0.0002164199192462988
7.475e-07,0.0269,0.03617536309844002,0.00021705217859064013
7.47e-07,0.0271,0.03649340156207918,0.00021896040937247505
7.465000000000001e-07,0.0269,0.03621920021543019,0.00021731520129258112
7.46e-07,0.0273,0.03679245283018868,0.00022075471698113205
7.455e-07,0.0273,0.03670835014118596,0.00022025010084711575
7.450000000000001e-07,0.0274,0.0368675995694295,0.000221205597416577
7.445e-07,0.0274,0.03689241955028948,0.0002213545173017369
7.440000000000001e-07,0.0273,0.03677758318739055,0.0002206654991243433
7.435000000000001e-07,0.0275,0.0370121130551817,0.0002220726783310902
7.43e-07,0.0276,0.03710176098938029,0.0002226105659362817
7.425000000000001e-07,0.0276,0.03708680462241333,0.00022252082773447995
7.420000000000001e-07,0.028,0.037664783427495296,0.00022598870056497178
7.415e-07,0.0278,0.03731042813045229,0.00022386256878271374
7.410000000000001e-07,0.028,0.03761923955394331,0.00022571543732365985
7.405e-07,0.028,0.037588938112498325,0.00022553362867498993
7.4e-07,0.0281,0.03777389434063718,0.00022664336604382308
7.395000000000001e-07,0.0284,0.03813616221297167,0.00022881697327783
7.39e-07,0.0284,0.03814640698455339,0.00022887844190732035
7.385e-07,0.0284,0.038115689169239034,0.0002286941350154342
7.380000000000001e-07,0.0285,0.03825503355704698,0.00022953020134228186
7.375e-07,0.0285,0.038208875184341066,0.0002292532511060464
7.37e-07,0.0289,0.038797153980400054,0.00023278292388240033
7.365000000000001e-07,0.0287,0.03845123258306538,0.0002307073954983923
7.36e-07,0.0289,0.03871918542336549,0.00023231511254019296
7.355000000000001e-07,0.0289,0.03869844670594536,0.00023219068023567216
7.350000000000001e-07,0.0291,0.03896103896103896,0.00023376623376623374
7.345e-07,0.0293,0.039202568905539206,0.00023521541343323523
7.340000000000001e-07,0.0291,0.038955823293172695,0.00023373493975903617
7.335e-07,0.0293,0.03911882510013351,0.00023471295060080105
7.33e-07,0.0294,0.03935216169187525,0.00023611297015125148
7.325000000000001e-07,0.0297,0.03965287049399199,0.00023791722296395194
7.32e-07,0.0298,0.03983957219251337,0.0002390374331550802
7.315e-07,0.0297,0.0396,0.0002376
7.310000000000001e-07,0.0301,0.04016010673782521,0.00024096064042695127
7.305e-07,0.03,0.03995737879595098,0.00023974427277570587
7.3e-07,0.0301,0.04005322687957419,0.00024031936127744512
7.295000000000001e-07,0.0303,0.04027648544463645,0.00024165891266781872
7.29e-07,0.0303,0.040255081705858904,0.00024153049023515342
7.285000000000001e-07,0.0305,0.040467029322011405,0.00024280217593206842
7.280000000000001e-07,0.0304,0.04030761071333864,0.00024184566428003183
7.275e-07,0.0309,0.0408406026962728,0.0002450436161776368
7.270000000000001e-07,0.0309,0.04088924176260421,0.00024533545057562527
7.265000000000001e-07,0.031,0.041005291005291,0.000246031746031746
7.26e-07,0.0313,0.041271097046413505,0.000247626582278481
7.255000000000001e-07,0.0312,0.04111755403268318,0.00024670532419609906
7.25e-07,0.0315,0.04137659267043216,0.00024825955602259295
7.245e-07,0.0315,0.04139834406623735,0.0002483900643974241
7.240000000000001e-07,0.0318,0.041683051513959894,0.0002500983090837594
7.235e-07,0.0319,0.0417211613915773,0.0002503269683494638
7.23e-07,0.032,0.04173187271778821,0.0002503912363067292
7.225000000000001e-07,0.0324,0.04217102694260055,0.00025302616165560324
7.22e-07,0.0322,0.041688244432936304,0.00025012946659761783
7.215e-07,0.0327,0.04240145228215768,0.00025440871369294607
7.210000000000001e-07,0.0326,0.04205908914978712,0.00025235453489872274
7.205e-07,0.0331,0.04253951934198689,0.00025523711605192134
7.200000000000001e-07,0.0332,0.04262421363461291,0.0002557452818076775
7.195000000000001e-07,0.0334,0.04272738902392222,0.00025636433414353335
7.19e-07,0.0335,0.04282244663172696,0.00025693467979036175
7.185000000000001e-07,0.0336,0.0427807486631016,0.0002566844919786096
7.18e-07,0.0338,0.0429424469571846,0.00025765468174310756
7.175e-07,0.0339,0.04312428444218293,0.00025874570665309753
7.170000000000001e-07,0.0341,0.0432741116751269,0.0002596446700507614
7.165e-07,0.0341,0.04332909783989834,0.00025997458703939003
7.16e-07,0.034,0.04341718809858256,0.00026050312859149534
7.155000000000001e-07,0.0341,0.0436340371081254,0.0002618042226487524
7.15e-07,0.034,0.04357298474945534,0.00026143790849673205
7.145e-07,0.0342,0.04385739933316235,0.0002631443959989741
7.140000000000001e-07,0.0341,0.043977302037657984,0.0002638638122259479
7.135e-07,0.0343,0.044361096740817375,0.00026616658044490424
7.13e-07,0.0341,0.04430297518513706,0.00026581785111082234
7.125000000000001e-07,0.0343,0.044725518320511144,0.00026835310992306683
7.12e-07,0.0343,0.044824882383690534,0.0002689492943021432
7.115000000000001e-07,0.0344,0.045020285302970815,0.0002701217118178249
7.110000000000001e-07,0.0344,0.04528103198631038,0.0002716861919178623
7.105e-07,0.0345,0.04548450889914305,0.0002729070533948583
7.100000000000001e-07,0.0345,0.045653036919412464,0.0002739182215164748
7.095e-07,0.0346,0.04573090140100449,0.0002743854084060269
7.09e-07,0.0346,0.04596174282678002,0.0002757704569606801
7.085000000000001e-07,0.0348,0.046239702365134194,0.00027743821419080514
7.08e-07,0.0346,0.0460841768779968,0.0002765050612679808
7.075e-07,0.0349,0.04644663295182327,0.0002786797977109396
7.070000000000001e-07,0.0349,0.046576805018016816,0.0002794608301081009
7.065e-07,0.0351,0.046812483328887704,0.00028087489997332624
7.06e-07,0.0351,0.046849973304858517,0.0002810998398291511
7.055000000000001e-07,0.0353,0.047022778739842806,0.0002821366724390568
7.05e-07,0.0354,0.04731987702178853,0.0002839192621307312
7.045000000000001e-07,0.0356,0.047466666666666664,0.0002848
7.040000000000001e-07,0.0359,0.04784115138592751,0.00028704690831556507
7.035e-07,0.0358,0.04777155057379237,0.0002866293034427542
7.030000000000001e-07,0.036,0.04798720341242335,0.0002879232204745401
7.025e-07,0.036,0.04798080767692923,0.00028788484606157537
7.02e-07,0.0362,0.04820239680426099,0.00028921438082556595
7.015000000000001e-07,0.0364,0.0485721910862023,0.0002914331465172138
7.01e-07,0.0364,0.0485786734285333,0.0002914720405711998
7.005e-07,0.0365,0.048640724946695094,0.00029184434968017054
7.000000000000001e-07,0.0366,0.04881952781112445,0.00029291716686674667
6.995e-07,0.0367,0.04893985864781971,0.00029363915188691824
6.99e-07,0.0368,0.04900785723798109,0.0002940471434278865
6.985000000000001e-07,0.037,0.04932018128499067,0.000295921087709944
6.98e-07,0.0371,0.049499666444296195,0.00029699799866577715
6.975e-07,0.0372,0.04965296316070475,0.0002979177789642285
6.970000000000001e-07,0.0374,0.04991325236887763,0.00029947951421326573
6.965e-07,0.0375,0.0500600720865038,0.00030036043251902277
6.960000000000001e-07,0.0376,0.05014670578821019,0.00030088023472926115
6.955000000000001e-07,0.0377,0.05023317788141239,0.00030139906728847437
6.95e-07,0.0379,0.05053333333333334,0.00030320000000000005
6.945000000000001e-07,0.0379,0.0505872931126535,0.000303523758675921
6.94e-07,0.0383,0.051100733822548365,0.0003066044029352902
6.935e-07,0.0382,0.050994526765451874,0.0003059671605927112
6.930000000000001e-07,0.0386,0.051480394771939185,0.0003088823686316351
6.925e-07,0.0386,0.05152850086770792,0.0003091710052062475
6.92e-07,0.0388,0.05179548791883594,0.0003107729275130156
6.915000000000001e-07,0.0388,0.051781662885359674,0.000310689977312158
6.91e-07,0.0389,0.05190819322124366,0.00031144915932746197
6.905e-07,0.0391,0.05216811207471648,0.0003130086724482989
6.900000000000001e-07,0.0393,0.05247696621711844,0.0003148617973027106
6.895e-07,0.0394,0.05259644907222,0.00031557869443332
6.890000000000001e-07,0.0396,0.05285638013881474,0.0003171382808328884
6.885000000000001e-07,0.0397,0.052954515139389084,0.0003177270908363345
6.88e-07,0.0398,0.053102068045363576,0.0003186124082721815
6.875000000000001e-07,0.04,0.053390282968499736,0.0003203416978109984
6.87e-07,0.0402,0.053728949478749,0.000322373696872494
6.865e-07,0.0403,0.05379789080229609,0.00032278734481377654
6.860000000000001e-07,0.0404,0.0539313843278601,0.00032358830596716055
6.855e-07,0.0407,0.05433911882510013,0.00032603471295060074
6.85e-07,0.0408,0.05450173657493989,0.00032701041944963933
6.845000000000001e-07,0.0409,0.05460614152202937,0.0003276368491321762
6.84e-07,0.041,0.05474696221124316,0.00032848177326745895
6.835e-07,0.0412,0.05496997998665777,0.00032981987991994666
6.830000000000001e-07,0.0414,0.0552663195835002,0.0003315979175010012
6.825e-07,0.0416,0.05551848391832377,0.0003331109035099426
6.82e-07,0.0417,0.055718866916087656,0.0003343132014965259
6.815000000000001e-07,0.0419,0.0559113957832933,0.0003354683746997598
6.81e-07,0.0419,0.055971146139460325,0.0003358268768367619
6.805000000000001e-07,0.0422,0.056266666666666666,0.00033759999999999997
6.800000000000001e-07,0.0423,0.05650547689019502,0.0003390328613411701
6.795e-07,0.0425,0.05670446964643095,0.0003402268178785857
6.790000000000001e-07,0.0427,0.05704742818971276,0.0003422845691382765
6.785e-07,0.0429,0.057215257401973856,0.0003432915444118431
6.78e-07,0.0429,0.05737595292229504,0.0003442557175337702
6.775000000000001e-07,0.0432,0.05772314270443614,0.0003463388562266168
6.77e-07,0.0432,0.05763842561707805,0.0003458305537024683
6.765e-07,0.0435,0.05806968362034441,0.00034841810172206645
6.760000000000001e-07,0.0435,0.05810070789368238,0.00034860424736209427
6.755e-07,0.044,0.05873715124816446,0.00035242290748898676
6.75e-07,0.044,0.05874499332443257,0.00035246995994659547
6.745000000000001e-07,0.0442,0.05901201602136182,0.0003540720961281709
6.74e-07,0.0444,0.05927903871829106,0.00035567423230974636
6.735e-07,0.0444,0.05933449151409863,0.0003560069490845918
6.730000000000001e-07,0.0447,0.05967957276368491,0.0003580774365821094
6.725e-07,0.0447,0.05969551282051282,0.0003581730769230769
6.720000000000001e-07,0.045,0.06010418057967143,0.0003606250834780286
6.715e-07,0.045,0.060144346431435444,0.00036086607858861267
6.71e-07,0.0453,0.06052104208416833,0.00036312625250501
6.705000000000001e-07,0.0455,0.06072334178566662,0.00036434005071399973
6.7e-07,0.0457,0.06098211902855618,0.00036589271417133707
6.695e-07,0.0457,0.06110442572536435,0.00036662655435218606
6.690000000000001e-07,0.0461,0.06155695019361731,0.0003693417011617038
6.685e-07,0.0461,0.06154873164218959,0.0003692923898531375
6.68e-07,0.0465,0.06204963971176942,0.0003722978382706165
6.675000000000001e-07,0.0466,0.06224953246059311,0.0003734971947635586
6.67e-07,0.0467,0.0623581252503672,0.00037414875150220317
6.665e-07,0.0468,0.06249165442649219,0.00037494992655895317
6.660000000000001e-07,0.0471,0.06288384512683579,0.0003773030707610147
6.655e-07,0.0472,0.06318607764390896,0.00037911646586345375
6.650000000000001e-07,0.0474,0.06331819396206251,0.00037990916377237505
6.645000000000001e-07,0.0476,0.06362785723833712,0.0003817671434300227
6.64e-07,0.0478,0.06382694618774203,0.00038296167712645215
6.635000000000001e-07,0.048,0.06413682522715126,0.0003848209513629076
6.63e-07,0.0481,0.06433061388257322,0.0003859836832954393
6.625e-07,0.0484,0.06462812124449192,0.00038776872746695156
6.620000000000001e-07,0.0486,0.06497326203208556,0.0003898395721925133
6.615e-07,0.0488,0.06530175297738526,0.0003918105178643116
6.61e-07,0.0489,0.06533939070016034,0.000392036344200962
6.605000000000001e-07,0.0492,0.06568758344459279,0.0003941255006675567
6.6e-07,0.0492,0.06578419574809466,0.00039470517448856793
6.595e-07,0.0494,0.06598103379190597,0.0003958862027514358
6.590000000000001e-07,0.0496,0.06631902660783527,0.0003979141596470116
6.585e-07,0.0498,0.0664886515353805,0.000398931909212283
6.58e-07,0.0501,0.0669607056936648,0.0004017642341619888
6.575000000000001e-07,0.0502,0.06702269692923898,0.0004021361815754339
6.57e-07,0.0504,0.06740671392269626,0.00040444028353617755
6.565000000000001e-07,0.0507,0.06775357476947749,0.0004065214486168649
6.56e-07,0.0508,0.0679235191870571,0.0004075411151223426
6.555e-07,0.0509,0.06802084725377523,0.0004081250835226514
6.550000000000001e-07,0.0512,0.06849498327759197,0.0004109698996655518
6.545e-07,0.0513,0.06862876254180601,0.00041177257525083603
6.54e-07,0.0515,0.06887789220275511,0.00041326735321653066
6.535000000000001e-07,0.0518,0.06920507682030727,0.0004152304609218436
6.53e-07,0.052,0.069593147751606,0.00041755888650963594
6.525e-07,0.0522,0.06977676781178987,0.0004186606068707392
6.520000000000001e-07,0.0525,0.07022471910112359,0.0004213483146067415
6.515e-07,0.0526,0.07036789297658863,0.0004222073578595318
6.51e-07,0.053,0.07094097175746218,0.0004256458305447731
6.505000000000001e-07,0.053,0.07088404440283536,0.0004253042664170121
6.5e-07,0.0533,0.07136162806265899,0.0004281697683759539
6.495000000000001e-07,0.0534,0.07144768530907146,0.0004286861118544288
6.490000000000001e-07,0.0536,0.0718402358933119,0.00043104141535987134
6.485e-07,0.0539,0.07216494845360825,0.0004329896907216495
6.480000000000001e-07,0.0543,0.07265185978057266,0.000435911158683436
6.475e-07,0.0542,0.07259576747923921,0.00043557460487543526
6.47e-07,0.0544,0.07293202842204048,0.0004375921705322429
6.465000000000001e-07,0.0547,0.07328510182207931,0.0004397106109324759
6.46e-07,0.0549,0.07355305466237942,0.00044131832797427654
6.455e-07,0.055,0.0737364257943424,0.0004424185547660544
6.450000000000001e-07,0.0553,0.07416845493562231,0.0004450107296137339
6.445e-07,0.0556,0.07457081545064377,0.0004474248927038626
6.44e-07,0.0558,0.07486918019589428,0.0004492150811753657
6.435000000000001e-07,0.056,0.07522837184309511,0.00045137023105857064
6.43e-07,0.0562,0.07540587682812291,0.00045243526096873745
6.425e-07,0.0564,0.07576571735626007,0.00045459430413756046
6.420000000000001e-07,0.0566,0.07592219986586182,0.0004555331991951709
6.415e-07,0.0569,0.0765299260255548,0.00045917955615332884
6.410000000000001e-07,0.057,0.07660260717645478,0.00045961564305872874
6.405e-07,0.0573,0.07715093577487545,0.00046290561464925267
6.4e-07,0.0575,0.07737854932041449,0.0004642712959224869
6.395000000000001e-07,0.0577,0.0776267994080452,0.0004657607964482712
6.39e-07,0.058,0.07796746874579917,0.000467804812474795
6.385e-07,0.0582,0.0784049575643271,0.0004704297453859626
6.380000000000001e-07,0.0584,0.07867439040819077,0.0004720463424491446
6.375e-07,0.0586,0.07896509904325563,0.00047379059425953375
6.37e-07,0.0589,0.07933728448275863,0.00047602370689655177
6.365000000000001e-07,0.0591,0.0796925566343042,0.0004781553398058252
6.36e-07,0.0594,0.08010788941335131,0.0004806473364801079
6.355e-07,0.0597,0.08054506206152186,0.0004832703723691311
6.350000000000001e-07,0.0598,0.08074534161490683,0.000484472049689441
6.345e-07,0.06,0.08103727714748785,0.0004862236628849271
6.340000000000001e-07,0.0602,0.08138434500473164,0.0004883060700283899
6.335000000000001e-07,0.0606,0.08183659689399055,0.0004910195813639433
6.33e-07,0.0606,0.08188082691528173,0.0004912849614916903
6.325000000000001e-07,0.0611,0.08253410779413752,0.0004952046467648251
6.32e-07,0.0613,0.08280426853978118,0.000496825611238687
6.315e-07,0.0615,0.08306320907617505,0.0004983792544570502
6.310000000000001e-07,0.0617,0.08333333333333334,0.0005
6.305e-07,0.0622,0.08388401888064732,0.0005033041132838839
6.3e-07,0.0624,0.08424463345484001,0.00050546780072904
6.295000000000001e-07,0.0627,0.08445581896551725,0.0005067349137931035
6.29e-07,0.063,0.08481421647819062,0.0005088852988691437
6.285e-07,0.0633,0.08494363929146538,0.0005096618357487922
6.280000000000001e-07,0.0636,0.0854149879129734,0.0005124899274778404
6.275e-07,0.064,0.08579088471849866,0.0005147453083109919
6.27e-07,0.0643,0.08599705764343987,0.0005159823458606392
6.265000000000001e-07,0.0646,0.08619079386257505,0.0005171447631754503
6.26e-07,0.065,0.08668978394238464,0.0005201387036543078
6.255000000000001e-07,0.0653,0.08676587828859951,0.0005205952697315971
6.25e-07,0.0658,0.08725633205145206,0.0005235379923087123
6.245e-07,0.0661,0.08761930010604455,0.0005257158006362673
6.240000000000001e-07,0.0664,0.0879703232644409,0.0005278219395866454
6.235e-07,0.0668,0.08819646157908635,0.0005291787694745181
6.23e-07,0.0673,0.08870436272571504,0.0005322261763542902
6.225000000000001e-07,0.0676,0.08891227147178744,0.0005334736288307246
6.22e-07,0.0679,0.08921298121140454,0.0005352778872684273
6.215e-07,0.0682,0.08953656295129316,0.000537219377707759
6.210000000000001e-07,0.0686,0.08997901364113325,0.0005398740818467995
6.205e-07,0.069,0.09050367261280169,0.0005430220356768101
6.2e-07,0.0694,0.09075454426572512,0.0005445272655943507
6.195000000000001e-07,0.0697,0.0911230226173356,0.0005467381357040136
6.19e-07,0.0699,0.09133673069384556,0.0005480203841630733
6.185e-07,0.0702,0.09165687426556991,0.0005499412455934195
6.180000000000001e-07,0.0706,0.09217913565739652,0.0005530748139443791
6.175e-07,0.0708,0.09252483010977522,0.0005551489806586513
6.170000000000001e-07,0.0712,0.09303541094995427,0.0005582124656997256
6.165e-07,0.0715,0.09356189479193927,0.0005613713687516356
6.16e-07,0.0717,0.09375,0.0005625
6.155000000000001e-07,0.0718,0.09404060248853963,0.0005642436149312377
6.15e-07,0.0723,0.09469548133595286,0.0005681728880157171
6.145e-07,0.0726,0.09497645211930926,0.0005698587127158555
6.140000000000001e-07,0.0726,0.0950261780104712,0.0005701570680628271
6.135e-07,0.0732,0.09573633272299242,0.0005744179963379544
6.13e-07,0.0736,0.09633507853403141,0.0005780104712041884
6.125000000000001e-07,0.0737,0.0965165007857517,0.0005790990047145102
6.12e-07,0.0742,0.09710770841512892,0.0005826462504907734
6.115e-07,0.0743,0.09725130890052357,0.0005835078534031414
6.110000000000001e-07,0.0749,0.09810085134250164,0.0005886051080550098
6.105e-07,0.075,0.09809050483913158,0.0005885430290347894
6.100000000000001e-07,0.0757,0.09904487766583803,0.0005942692659950281
6.095e-07,0.0757,0.09901896664486594,0.0005941137998691956
6.09e-07,0.0762,0.0997904662126768,0.0005987427972760608
6.085000000000001e-07,0.0765,0.10011778563015312,0.0006007067137809187
6.08e-07,0.0769,0.10064127731972254,0.0006038476639183353
6.075e-07,0.0771,0.1007843137254902,0.0006047058823529411
6.070000000000001e-07,0.0776,0.10166382811476485,0.0006099829686885891
6.065e-07,0.0776,0.1014909756735548,0.0006089458540413288
6.06e-07,0.0781,0.10221175238843083,0.000613270514330585
6.055000000000001e-07,0.0784,0.10234986945169712,0.0006140992167101827
6.05e-07,0.0787,0.10303744435716157,0.0006182246661429694
6.045e-07,0.0793,0.10370079769844383,0.0006222047861906629
6.040000000000001e-07,0.0796,0.10413396127681843,0.0006248037676609106
6.035e-07,0.08,0.10449320794148381,0.0006269592476489029
6.03e-07,0.0803,0.10495360083649195,0.0006297216050189517
6.025000000000001e-07,0.0807,0.10536623580101839,0.0006321974148061103
6.02e-07,0.0809,0.10558600887496737,0.0006335160532498042
6.015000000000001e-07,0.0814,0.106266318537859,0.000637597911227154
6.01e-07,0.0818,0.10685826257348138,0.0006411495754408883
6.005e-07,0.0822,0.10733873073909636,0.0006440323844345781
6.000000000000001e-07,0.0823,0.1074272288213027,0.0006445633729278162
5.995e-07,0.0828,0.10799530455197599,0.000647971827311856
5.99e-07,0.0831,0.10842901878914404,0.0006505741127348642
5.985000000000001e-07,0.0835,0.10900783289817233,0.0006540469973890339
5.98e-07,0.0843,0.10993740219092331,0.0006596244131455397
5.975e-07,0.0844,0.11011089367253751,0.000660665362035225
5.970000000000001e-07,0.0849,0.11064772579173726,0.0006638863547504235
5.965e-07,0.085,0.11085028690662493,0.0006651017214397496
5.96e-07,0.0856,0.11161820315556134,0.000669709218933368
5.955000000000001e-07,0.0858,0.11183524504692388,0.0006710114702815433
5.95e-07,0.0864,0.11238293444328824,0.0006742976066597295
5.945000000000001e-07,0.0867,0.11303780964797913,0.0006782268578878748
5.94e-07,0.0872,0.1137045247098709,0.0006822271482592254
5.935e-07,0.0875,0.11390262952356156,0.0006834157771413693
5.930000000000001e-07,0.0879,0.11437865972674041,0.0006862719583604425
5.925e-07,0.0885,0.11536957371920219,0.0006922174423152131
5.92e-07,0.0887,0.11543466944299845,0.0006926080166579907
5.915000000000001e-07,0.0891,0.11587982832618025,0.0006952789699570815
5.91e-07,0.0896,0.11653010794641695,0.0006991806476785017
5.905e-07,0.0903,0.117578125,0.0007054687499999999
5.900000000000001e-07,0.0905,0.11765470618824753,0.0007059282371294852
5.895e-07,0.0909,0.11823621227887615,0.000709417273673257
5.89e-07,0.0914,0.1188247529901196,0.0007129485179407176
5.885000000000001e-07,0.0915,0.1189392954634083,0.0007136357727804498
5.88e-07,0.0921,0.11989065347565739,0.0007193439208539443
5.875e-07,0.0923,0.12002600780234068,0.000720156046814044
5.870000000000001e-07,0.0928,0.12078615124300403,0.0007247169074580241
5.865e-07,0.0934,0.12128295026619919,0.0007276977015971951
5.860000000000001e-07,0.0937,0.12190996617226127,0.0007314597970335676
5.855e-07,0.0941,0.12222366541109235,0.000733341992466554
5.85e-07,0.0945,0.12290284822473663,0.0007374170893484197
5.845000000000001e-07,0.095,0.12331256490134995,0.0007398753894080996
5.84e-07,0.0954,0.12392829306313327,0.0007435697583787997
5.835e-07,0.0957,0.12423731013890692,0.0007454238608334416
5.830000000000001e-07,0.0962,0.12487019730010383,0.0007492211838006229
5.825e-07,0.0968,0.12568164113217345,0.0007540898467930407
5.82e-07,0.0971,0.1260711503505583,0.0007564269021033497
5.815000000000001e-07,0.0975,0.1265576323987539,0.0007593457943925234
5.81e-07,0.098,0.12717363093693226,0.0007630417856215936
5.805e-07,0.0984,0.12767613857532112,0.0007660568314519267
5.800000000000001e-07,0.0989,0.12819183408943619,0.0007691510045366171
5.795e-07,0.0995,0.1291201661043343,0.0007747209966260057
5.79e-07,0.0998,0.12930811090956207,0.0007758486654573724
5.785e-07,0.1004,0.13008551438196422,0.0007805130862917853
5.78e-07,0.1005,0.13023195542309188,0.0007813917325385513
5.775000000000001e-07,0.1013,0.13133670426552574,0.0007880202255931544
5.77e-07,0.1014,0.1312961284474945,0.000787776770684967
5.765e-07,0.1021,0.1322881575537704,0.0007937289453226224
5.760000000000001e-07,0.1027,0.13291057331435227,0.0007974634398861135
5.755e-07,0.1031,0.13365309826289862,0.0008019185895773917
5.75e-07,0.1038,0.13435154025368887,0.0008061092415221331
5.745000000000001e-07,0.1038,0.13433415297010481,0.0008060049178206289
5.74e-07,0.1046,0.13550978105972275,0.0008130586863583366
5.735e-07,0.105,0.13611615245009073,0.0008166969147005445
5.730000000000001e-07,0.1056,0.1366282830896623,0.0008197696985379738
5.725e-07,0.1058,0.13692247961692766,0.0008215348777015659
5.72e-07,0.1064,0.1375387797311272,0.0008252326783867631
5.715000000000001e-07,0.1068,0.13816300129366108,0.0008289780077619664
5.71e-07,0.1076,0.139125937419188,0.0008347556245151279
5.705000000000001e-07,0.1077,0.13927324453640244,0.0008356394672184146
5.7e-07,0.1084,0.1401059842316143,0.0008406359053896857
5.695e-07,0.109,0.1408268733850129,0.0008449612403100775
5.690000000000001e-07,0.1095,0.14158262218774245,0.0008494957331264546
5.685e-07,0.1099,0.14193465065220198,0.0008516079039132119
5.68e-07,0.1103,0.14259857789269553,0.0008555914673561732
5.675000000000001e-07,0.111,0.14317038565716497,0.0008590223139429897
5.67e-07,0.1113,0.14385420705699883,0.000863125242341993
5.665e-07,0.1121,0.1447572314049587,0.0008685433884297521
5.660000000000001e-07,0.1124,0.14510715207849215,0.0008706429124709529
5.655e-07,0.1131,0.1457286432160804,0.0008743718592964824
5.65e-07,0.1138,0.14693350548741124,0.0008816010329244674
5.645000000000001e-07,0.1139,0.1468729851708575,0.0008812379110251451
5.64e-07,0.1146,0.14794732765298219,0.0008876839659178931
5.635e-07,0.1151,0.148305630717691,0.000889833784306146
5.63e-07,0.1158,0.14943863724351528,0.0008966318234610916
5.625e-07,0.1161,0.14963268462430723,0.0008977961077458434
5.620000000000001e-07,0.1165,0.15010952196881847,0.0009006571318129108
5.615e-07,0.1172,0.1509336767546684,0.0009056020605280103
5.61e-07,0.1178,0.15184325857179684,0.0009110595514307811
5.605000000000001e-07,0.1183,0.15248775457592162,0.0009149265274555297
5.6e-07,0.1187,0.1528063851699279,0.0009168383110195673
5.595e-07,0.1188,0.1528170825829689,0.0009169024954978133
5.590000000000001e-07,0.1196,0.1541038525963149,0.0009246231155778893
5.585e-07,0.12,0.15446003346634057,0.0009267602007980434
5.58e-07,0.1208,0.15548976702278286,0.0009329386021366972
5.575000000000001e-07,0.1209,0.1555584148224395,0.0009333504889346371
5.57e-07,0.1216,0.15657996394540305,0.0009394797836724182
5.565e-07,0.1222,0.15729180074655683,0.0009437508044793409
5.560000000000001e-07,0.1229,0.1580097711493957,0.0009480586268963742
5.555e-07,0.1233,0.15858520900321546,0.0009515112540192927
5.550000000000001e-07,0.1238,0.1591873473061592,0.0009551240838369551
5.545e-07,0.1245,0.16002570694087404,0.0009601542416452442
5.54e-07,0.1251,0.1607555898226677,0.0009645335389360061
5.535000000000001e-07,0.1256,0.1615018644721615,0.000969011186832969
5.53e-07,0.1261,0.16174961518727551,0.0009704976911236531
5.525e-07,0.1266,0.1627040226192006,0.0009762241357152037
5.520000000000001e-07,0.1273,0.16354059609455293,0.0009812435765673177
5.515e-07,0.1279,0.16437475902840254,0.0009862485541704152
5.51e-07,0.1284,0.1647632490696779,0.0009885794944180675
5.505000000000001e-07,0.129,0.16570327552986513,0.0009942196531791908
5.5e-07,0.1296,0.16645260724377087,0.000998715643462625
5.495e-07,0.1301,0.16683765067966144,0.0010010259040779685
5.490000000000001e-07,0.1306,0.16750032063614212,0.0010050019238168526
5.485e-07,0.1313,0.16857106175375527,0.0010114263705225317
5.48e-07,0.1318,0.16903937411825062,0.0010142362447095037
5.475e-07,0.1324,0.16972183053454684,0.001018330983207281
5.47e-07,0.1331,0.17061915139084732,0.0010237149083450838
5.465000000000001e-07,0.1337,0.1713004484304933,0.0010278026905829597
5.46e-07,0.1343,0.17226782965623397,0.0010336069779374039
5.455e-07,0.1346,0.17247565351101998,0.00103485392106612
5.450000000000001e-07,0.1354,0.1735452448090233,0.0010412714688541398
5.445e-07,0.1357,0.17370711725550433,0.001042242703533026
5.44e-07,0.1364,0.17487179487179486,0.001049230769230769
5.435000000000001e-07,0.137,0.1754385964912281,0.0010526315789473684
5.43e-07,0.1376,0.1761843790012804,0.0010571062740076824
5.425e-07,0.1381,0.1766210512853306,0.0010597263077119835
5.420000000000001e-07,0.1387,0.17770659833440103,0.0010662395900064062
5.415e-07,0.1395,0.17861715749039694,0.0010717029449423816
5.41e-07,0.1399,0.1789689139055904,0.0010738134834335424
5.405000000000001e-07,0.1404,0.1794707912565512,0.001076824747539307
5.4e-07,0.1411,0.1807120901639344,0.0010842725409836065
5.395000000000001e-07,0.1417,0.18131797824696097,0.0010879078694817658
5.39e-07,0.142,0.18149284253578732,0.0010889570552147238
5.385e-07,0.1429,0.18275994372681928,0.0010965596623609157
5.380000000000001e-07,0.1434,0.1834228702993093,0.0011005372217958557
5.375e-07,0.1439,0.18401534526854219,0.001104092071611253
5.37e-07,0.1447,0.18482564823093625,0.0011089538893856174
5.365000000000001e-07,0.1453,0.1856869009584665,0.0011141214057507989
5.36e-07,0.1457,0.18588925746363866,0.001115335544781832
5.355e-07,0.1462,0.18702827171549188,0.0011221696302929512
5.350000000000001e-07,0.1468,0.18748403575989783,0.0011249042145593869
5.345e-07,0.1477,0.18875399361022366,0.001132523961661342
5.34e-07,0.1481,0.1889994895354773,0.0011339969372128637
5.335000000000001e-07,0.1488,0.1900868676545733,0.0011405212059274396
5.33e-07,0.1494,0.19078023240965394,0.0011446813944579236
5.325e-07,0.15,0.19142419601837674,0.0011485451761102604
5.32e-07,0.1502,0.19150835139614944,0.0011490501083768966
5.315e-07,0.1513,0.19320648703869236,0.0011592389222321543
5.310000000000001e-07,0.1516,0.1935401506447083,0.0011612409038682498
5.305e-07,0.1523,0.19421066054577912,0.0011652639632746748
5.3e-07,0.153,0.19510328997704668,0.00117061973986228
5.295000000000001e-07,0.1532,0.19545802500637918,0.001172748150038275
5.29e-07,0.1542,0.19680918953414167,0.0011808551372048499
5.285e-07,0.1545,0.1969909473415785,0.001181945684049471
5.280000000000001e-07,0.1552,0.19808551372048502,0.0011885130823229102
5.275e-07,0.1558,0.19852191641182465,0.001191131498470948
5.27e-07,0.1563,0.1993876769996173,0.0011963260619977038
5.265000000000001e-07,0.1569,0.19994902510513574,0.0011996941506308143
5.26e-07,0.1578,0.20119852097411703,0.001207191125844702
5.255e-07,0.1582,0.20152866242038217,0.001209171974522293
5.250000000000001e-07,0.1588,0.2023961254142238,0.0012143767524853428
5.245e-07,0.1592,0.20293180369662206,0.0012175908221797322
5.24e-07,0.1601,0.20415710277990307,0.0012249426166794184
5.235e-07,0.1602,0.20405043943446696,0.0012243026366068018
5.23e-07,0.161,0.20533095268460655,0.0012319857161076392
5.225000000000001e-07,0.1616,0.20583365176410648,0.0012350019105846388
5.22e-07,0.1622,0.2065452693238253,0.0012392716159429517
5.215e-07,0.1624,0.20669466717576682,0.0012401680030546009
5.210000000000001e-07,0.1631,0.20785013380909903,0.0012471008028545941
5.205e-07,0.1636,0.20832802750541193,0.0012499681650324716
5.2e-07,0.164,0.20875763747454176,0.0012525458248472505
5.195000000000001e-07,0.1647,0.2097287660766586,0.0012583725964599515
5.19e-07,0.1651,0.21039887855231298,0.0012623932713138777
5.185e-07,0.1656,0.21095541401273885,0.0012657324840764331
5.180000000000001e-07,0.166,0.21138418438813195,0.0012683051063287916
5.175e-07,0.1669,0.2125302432191519,0.0012751814593149114
5.17e-07,0.1668,0.21234882240611078,0.0012740929344366647
5.165e-07,0.1675,0.21340298127149956,0.0012804178876289973
5.16e-07,0.1681,0.21394934453353698,0.0012836960672012218
5.155000000000001e-07,0.1685,0.2146223411030442,0.0012877340466182653
5.15e-07,0.1688,0.21470363775120835,0.00128822182650725
5.145e-07,0.1693,0.21564131957712393,0.0012938479174627435
5.140000000000001e-07,0.1697,0.2160132382892057,0.0012960794297352343
5.135e-07,0.17,0.21664330317318722,0.0012998598190391234
5.13e-07,0.1704,0.21668362156663276,0.0013001017293997965
5.125000000000001e-07,0.1706,0.2172971595975035,0.001303782957585021
5.12e-07,0.1711,0.21773988292186305,0.0013064392975311785
5.115e-07,0.1717,0.2184478371501272,0.0013106870229007632
5.110000000000001e-07,0.1722,0.2189725330620549,0.0013138351983723296
5.105e-07,0.1722,0.21936305732484074,0.0013161783439490443
5.1e-07,0.1727,0.2196362711433295,0.001317817626859977
5.095000000000001e-07,0.1732,0.22018815153826596,0.0013211289092295959
5.09e-07,0.1735,0.22023356181772025,0.0013214013709063213
5.085e-07,0.1735,0.2203174603174603,0.0013219047619047616
5.08e-07,0.1742,0.2211501840802336,0.0013269011044814017
5.075e-07,0.1744,0.2212355702143854,0.0013274134212863122
5.070000000000001e-07,0.1746,0.22129277566539923,0.0013277566539923954
5.065e-07,0.1751,0.22178594046865105,0.0013307156428119062
5.06e-07,0.1751,0.2215614323674554,0.0013293685942047323
5.055000000000001e-07,0.1756,0.2217731750442031,0.0013306390502652184
5.05e-07,0.1757,0.22198357548957676,0.0013319014529374605
5.045e-07,0.1764,0.22253059164879527,0.0013351835498927717
5.040000000000001e-07,0.1765,0.22248833984621202,0.001334930039077272
5.035e-07,0.1763,0.2218726403221747,0.0013312358419330483
5.03e-07,0.1769,0.2224038219763641,0.0013344229318581846
5.025000000000001e-07,0.1771,0.2221246707638279,0.0013327480245829673
5.02e-07,0.1771,0.2221525338685399,0.0013329152032112393
5.015e-07,0.1773,0.22184684684684686,0.001331081081081081
5.01e-07,0.1775,0.2219582343378767,0.0013317494060272603
5.005e-07,0.1778,0.22177872021953352,0.0013306723213172011
5.000000000000001e-07,0.1773,0.221237833790866,0.001327427002745196
4.995e-07,0.1778,0.22153002741091454,0.0013291801644654871
4.99e-07,0.1777,0.22096493409599602,0.001325789604575976
4.985000000000001e-07,0.1777,0.22058093346573981,0.0013234856007944386
4.98e-07,0.1774,0.22045482788616877,0.0013227289673170125
4.975e-07,0.1774,0.21999007936507936,0.0013199404761904763
4.970000000000001e-07,0.1771,0.21964529331514326,0.0013178717598908596
4.965e-07,0.177,0.21884272997032642,0.0013130563798219586
4.96e-07,0.1772,0.21941555225359088,0.0013164933135215453
4.955000000000001e-07,0.1767,0.2180673824509441,0.0013084042947056646
4.95e-07,0.1766,0.2180516113100383,0.00130830966786023
4.945e-07,0.1761,0.21681851760650087,0.0013009111056390052
4.940000000000001e-07,0.1763,0.21746638707289997,0.0013047983224374
4.935e-07,0.1753,0.2161262483047713,0.0012967574898286277
4.93e-07,0.1752,0.21563076923076924,0.0012937846153846153
4.925e-07,0.1748,0.21463654223968567,0.001287819253438114
4.92e-07,0.1743,0.21447028423772613,0.0012868217054263567
4.915000000000001e-07,0.1738,0.21338244321669736,0.001280294659300184
4.91e-07,0.1734,0.2128913443830571,0.0012773480662983424
4.905e-07,0.173,0.2124002455494168,0.0012744014732965008
4.900000000000001e-07,0.1724,0.21161163618509882,0.0012696698171105927
4.895e-07,0.1716,0.21052631578947367,0.001263157894736842
4.89e-07,0.171,0.20948180815876516,0.001256890848952591
4.885000000000001e-07,0.1705,0.20899730326060312,0.0012539838195636185
4.88e-07,0.1698,0.20839469808541974,0.0012503681885125185
4.875e-07,0.1692,0.20740377543515567,0.0012444226526109338
4.870000000000001e-07,0.1682,0.20625383200490496,0.0012375229920294298
4.865e-07,0.1678,0.20571288463896042,0.0012342773078337626
4.86e-07,0.167,0.2042563600782779,0.0012255381604696675
4.855e-07,0.1666,0.20409163297807179,0.0012245497978684307
4.85e-07,0.1654,0.20254714670585353,0.0012152828802351212
4.845e-07,0.1649,0.20168786692759294,0.0012101272015655575
4.84e-07,0.1642,0.20078258742968944,0.0012046955245781366
4.835e-07,0.1638,0.20024449877750614,0.0012014669926650368
4.830000000000001e-07,0.1629,0.19914425427872862,0.0011948655256723718
4.825e-07,0.1623,0.19821690278456278,0.0011893014167073765
4.82e-07,0.1612,0.19648951730862996,0.0011789371038517797
4.815000000000001e-07,0.1605,0.19609040928527796,0.0011765424557116677
4.81e-07,0.1601,0.19502984529175296,0.0011701790717505178
4.805e-07,0.159,0.19340712808660745,0.0011604427685196447
4.800000000000001e-07,0.1585,0.19261149592903148,0.0011556689755741888
4.795e-07,0.1579,0.19230300815978565,0.0011538180489587139
4.79e-07,0.1573,0.19117647058823528,0.0011470588235294116
4.785000000000001e-07,0.1563,0.18993802406124682,0.0011396281443674808
4.78e-07,0.1557,0.18897924505401142,0.0011338754703240684
4.775e-07,0.1548,0.18775015160703457,0.0011265009096422074
4.77e-07,0.1544,0.18710615608337372,0.0011226369365002424
4.765e-07,0.1532,0.1855395422066126,0.0011132372532396755
4.7600000000000003e-07,0.153,0.18525245187068654,0.0011115147112241192
4.7550000000000004e-07,0.1521,0.18391777509068927,0.0011035066505441357
4.75e-07,0.1513,0.1826632862489436,0.0010959797174936615
4.745e-07,0.1507,0.1818072143805043,0.0010908432862830257
4.7400000000000004e-07,0.15,0.18074466803229305,0.0010844680081937583
4.7350000000000005e-07,0.1497,0.18027456647398843,0.0010816473988439306
4.73e-07,0.1489,0.17933277128748645,0.0010759966277249188
4.7250000000000003e-07,0.1483,0.1782880500120221,0.0010697283000721325
4.7200000000000004e-07,0.1476,0.1773612112472963,0.0010641672674837777
4.715e-07,0.1469,0.17607575212753207,0.0010564545127651924
4.71e-07,0.1461,0.17534805568891024,0.0010520883341334614
4.7050000000000004e-07,0.1456,0.17441303306181122,0.0010464781983708673
4.7000000000000005e-07,0.1447,0.17298266586969516,0.001037895995218171
4.695e-07,0.1445,0.17220831843641998,0.0010332499106185198
4.6900000000000003e-07,0.1438,0.171886206072197,0.001031317236433182
4.6850000000000005e-07,0.1433,0.17088003815883618,0.001025280228953017
4.68e-07,0.1433,0.17055462985003572,0.0010233277791002143
4.675e-07,0.1421,0.168624658834698,0.001011747953008188
4.6700000000000004e-07,0.1418,0.1683685585371646,0.0010102113512229876
4.6650000000000005e-07,0.1411,0.1671009000473709,0.0010026054002842254
4.66e-07,0.1408,0.16658778987221962,0.0009995267392333177
4.6550000000000003e-07,0.1402,0.16566229469455274,0.0009939737681673164
4.6500000000000005e-07,0.1397,0.16487666706007315,0.0009892600023604387
4.645e-07,0.1391,0.16395568128241395,0.0009837340876944836
4.64e-07,0.1389,0.1634502235820193,0.0009807013414921157
4.6350000000000004e-07,0.1385,0.16288368811007883,0.000977302128660473
4.63e-07,0.1378,0.16158536585365854,0.0009695121951219512
4.625e-07,0.1374,0.16088992974238875,0.0009653395784543325
4.6200000000000003e-07,0.1372,0.16046783625730993,0.0009628070175438596
4.6150000000000005e-07,0.1365,0.1595744680851064,0.0009574468085106382
4.61e-07,0.1358,0.15812761993479274,0.0009487657196087563
4.6050000000000003e-07,0.1357,0.15825072886297373,0.0009495043731778422
4.6000000000000004e-07,0.1348,0.1564531104921077,0.0009387186629526462
4.595e-07,0.1346,0.15631169434444314,0.0009378701660666588
4.59e-07,0.1336,0.15506035283194056,0.0009303621169916433
4.5850000000000004e-07,0.1337,0.1552124448572092,0.0009312746691432551
4.5800000000000005e-07,0.133,0.1540778498609824,0.0009244670991658945
4.575e-07,0.1327,0.15341040462427746,0.0009204624277456648
4.5700000000000003e-07,0.132,0.15246015246015246,0.0009147609147609147
4.5650000000000004e-07,0.1317,0.15221914008321777,0.0009133148404993066
4.56e-07,0.1308,0.15135385327470494,0.0009081231196482296
4.555e-07,0.1305,0.15065804664049873,0.0009039482798429923
4.5500000000000004e-07,0.1296,0.14958448753462603,0.0008975069252077561
4.5450000000000005e-07,0.1292,0.1491744602239926,0.0008950467613439557
4.54e-07,0.1282,0.14817383263985207,0.0008890429958391123
4.5350000000000003e-07,0.1276,0.14768518518518517,0.000886111111111111
4.5300000000000005e-07,0.1273,0.1472697825080981,0.0008836186950485886
4.525e-07,0.1264,0.1464488471787742,0.0008786930830726453
4.52e-07,0.1261,0.14627073425356688,0.0008776244055214012
4.5150000000000004e-07,0.1249,0.14503019043195542,0.0008701811425917325
4.51e-07,0.1245,0.14491910138517053,0.0008695146083110232
4.505e-07,0.1235,0.1439058494523421,0.0008634350967140526
4.5000000000000003e-07,0.1227,0.1431404573028465,0.000858842743817079
4.4950000000000005e-07,0.1222,0.1425904317386231,0.0008555425904317386
4.49e-07,0.1213,0.14178842781998832,0.0008507305669199299
4.485e-07,0.1211,0.1416871416871417,0.0008501228501228502
4.4800000000000004e-07,0.1201,0.1410949248120301,0.0008465695488721806
4.475e-07,0.1197,0.1405589478628464,0.0008433536871770783
4.47e-07,0.1192,0.13984045049272642,0.0008390427029563585
4.4650000000000003e-07,0.1184,0.13911408765127484,0.000834684525907649
4.4600000000000005e-07,0.118,0.13888888888888887,0.0008333333333333332
4.455e-07,0.1171,0.13807334040797076,0.0008284400424478246
4.4500000000000003e-07,0.1163,0.13722713864306785,0.000823362831858407
4.4450000000000004e-07,0.1155,0.1364441819255759,0.0008186650915534554
4.44e-07,0.1153,0.13641741599621393,0.0008185044959772836
4.435e-07,0.1146,0.13555713271823988,0.0008133427963094393
4.4300000000000004e-07,0.1139,0.13464948575481736,0.0008078969145289042
4.4250000000000005e-07,0.1136,0.13461310581822492,0.0008076786349093494
4.42e-07,0.1133,0.13422580263002015,0.0008053548157801209
4.4150000000000003e-07,0.1133,0.1343531364876082,0.0008061188189256491
4.4100000000000004e-07,0.1122,0.1330329618211999,0.0007981977709271994
4.405e-07,0.1117,0.13251868549056828,0.0007951121129434097
4.4e-07,0.1115,0.13223434535104364,0.0007934060721062618
4.3950000000000004e-07,0.1112,0.1320665083135392,0.0007923990498812352
4.3900000000000005e-07,0.1104,0.13117870722433458,0.0007870722433460074
4.385e-07,0.1101,0.13068249258160236,0.0007840949554896141
4.3800000000000003e-07,0.1099,0.13066222803471644,0.0007839733682082986
4.3750000000000005e-07,0.1094,0.1300368477356472,0.0007802210864138831
4.37e-07,0.1089,0.12918149466192172,0.0007750889679715304
4.365e-07,0.1085,0.12879867046533713,0.0007727920227920227
4.3600000000000004e-07,0.1082,0.12816868040748639,0.0007690120824449183
4.355e-07,0.1077,0.12806183115338884,0.000768370986920333
4.35e-07,0.1074,0.12756859484499347,0.0007654115690699608
4.3450000000000003e-07,0.1066,0.12670866516106025,0.0007602519909663615
4.3400000000000005e-07,0.1065,0.12652964239040038,0.0007591778543424023
4.335e-07,0.1062,0.12621820774898979,0.0007573092464939386
4.33e-07,0.1061,0.12590482971401448,0.0007554289782840868
4.3250000000000004e-07,0.1054,0.1252674114570953,0.0007516044687425717
4.32e-07,0.1053,0.12479260488267363,0.0007487556292960417
4.315e-07,0.1049,0.1245695285595535,0.0007474171713573209
4.3100000000000003e-07,0.1045,0.12403560830860533,0.0007442136498516319
4.3050000000000005e-07,0.1042,0.12351825509720246,0.0007411095305832148
4.3e-07,0.1038,0.12302951286002134,0.000738177077160128
4.2950000000000003e-07,0.1034,0.12254088646598721,0.0007352453187959232
4.2900000000000004e-07,0.1032,0.12230386347475705,0.0007338231808485422
4.285e-07,0.103,0.12202345693638195,0.0007321407416182917
4.28e-07,0.1025,0.12128742160691042,0.0007277245296414625
4.2750000000000004e-07,0.1023,0.12113676731793961,0.0007268206039076376
4.2700000000000005e-07,0.1022,0.12098970048537942,0.0007259382029122766
4.265e-07,0.1017,0.12035502958579881,0.0007221301775147929
4.2600000000000003e-07,0.1016,0.12022245888060584,0.000721334753283635
4.2550000000000004e-07,0.1012,0.11952285343096729,0.0007171371205858038
4.25e-07,0.1011,0.11958836053938962,0.0007175301632363377
4.245e-07,0.1007,0.1189323254989961,0.0007135939529939765
4.2400000000000004e-07,0.1005,0.1186120618435029,0.0007116723710610173
4.235e-07,0.1003,0.11829225144474584,0.000709753508668475
4.23e-07,0.0997,0.11758462082792782,0.0007055077249675668
4.2250000000000003e-07,0.0996,0.11721784159114981,0.0007033070495468989
4.2200000000000005e-07,0.0994,0.11716171617161716,0.0007029702970297029
4.215e-07,0.099,0.11644318983768526,0.0006986591390261115
4.21e-07,0.0987,0.11595394736842106,0.0006957236842105263
4.2050000000000004e-07,0.0986,0.11597271230298753,0.0006958362738179251
4.2e-07,0.0986,0.11583646616541353,0.0006950187969924812
4.195e-07,0.0979,0.11500058733701399,0.0006900035240220839
4.1900000000000003e-07,0.0975,0.11443661971830986,0.000686619718309859
4.1850000000000005e-07,0.0976,0.11458088753228458,0.0006874853251937074
4.18e-07,0.0972,0.11417831551744391,0.0006850698931046634
4.175e-07,0.0972,0.11401759530791787,0.0006841055718475072
4.1700000000000004e-07,0.0964,0.11306591602158104,0.0006783954961294862
4.165e-07,0.097,0.11347683668694432,0.0006808610201216658
4.16e-07,0.0964,0.11295992500585891,0.0006777595500351534
4.1550000000000003e-07,0.0959,0.11229508196721312,0.0006737704918032787
4.1500000000000005e-07,0.0958,0.11200748275458904,0.0006720448965275342
4.145e-07,0.0955,0.11166978484565014,0.0006700187090739008
4.1400000000000003e-07,0.0952,0.11126694717157551,0.0006676016830294531
4.1350000000000004e-07,0.0953,0.11120186697782963,0.0006672112018669778
4.13e-07,0.095,0.11087768440709617,0.000665266106442577
4.125e-07,0.0947,0.11066962720579643,0.0006640177632347785
4.1200000000000004e-07,0.0943,0.10988114658587742,0.0006592868795152644
4.1150000000000005e-07,0.0943,0.1099067599067599,0.0006594405594405593
4.11e-07,0.0938,0.10945157526254375,0.0006567094515752625
4.1050000000000003e-07,0.094,0.10959542963740235,0.000657572577824414
4.1000000000000004e-07,0.0936,0.10893854748603353,0.0006536312849162011
4.095e-07,0.0928,0.10817111551462874,0.0006490266930877723
4.09e-07,0.0932,0.10813319410604479,0.0006487991646362687
4.0850000000000004e-07,0.0931,0.10823064403627064,0.0006493838642176238
4.08e-07,0.0924,0.1073170731707317,0.0006439024390243902
4.075e-07,0.0926,0.1075119006153489,0.0006450714036920933
4.0700000000000003e-07,0.0922,0.10687376840153008,0.0006412426104091804
4.0650000000000005e-07,0.0919,0.1066991756646929,0.0006401950539881573
4.06e-07,0.0917,0.10636817074585316,0.0006382090244751189
4.055e-07,0.0916,0.10652401442028143,0.0006391440865216885
4.0500000000000004e-07,0.0908,0.10512909575083941,0.0006307745745050364
4.045e-07,0.091,0.10544611819235226,0.0006326767091541136
4.04e-07,0.0909,0.10535465924895687,0.0006321279554937412
4.0350000000000003e-07,0.0905,0.10502495067889056,0.0006301497040733433
4.0300000000000005e-07,0.0903,0.10433275563258232,0.0006259965337954938
4.025e-07,0.0899,0.1042560593760872,0.0006255363562565232
4.02e-07,0.09,0.10403421569760721,0.0006242052941856433
4.0150000000000004e-07,0.0895,0.1033487297921478,0.0006200923787528868
4.01e-07,0.0893,0.10322506068662583,0.0006193503641197549
4.005e-07,0.0895,0.10355200740483629,0.0006213120444290177
4.0000000000000003e-07,0.0893,0.10317735413056037,0.0006190641247833621
3.9950000000000005e-07,0.0889,0.10249020059949275,0.0006149412035969565
3.99e-07,0.0883,0.10197482388266543,0.0006118489432959925
3.9850000000000003e-07,0.0886,0.10200322357817176,0.0006120193414690306
3.9800000000000004e-07,0.0884,0.1020667359427318,0.0006124004156563907
3.975e-07,0.088,0.10144092219020172,0.0006086455331412103
3.97e-07,0.0881,0.10139256531246403,0.0006083553918747841
3.9650000000000004e-07,0.0879,0.10098805147058824,0.0006059283088235294
3.96e-07,0.0876,0.10104971738378128,0.0006062983043026877
3.955e-07,0.0875,0.10067886319180762,0.0006040731791508456
3.9500000000000003e-07,0.0871,0.10016099356025758,0.0006009659613615455
3.9450000000000005e-07,0.0869,0.09969026041069175,0.0005981415624641505
3.94e-07,0.087,0.10002299379167624,0.0006001379627500575
3.935e-07,0.0869,0.09961027051811097,0.0005976616231086658
3.9300000000000004e-07,0.0867,0.0994722349701698,0.0005968334098210188
3.925e-07,0.0866,0.09926639156350298,0.0005955983493810178
3.92e-07,0.0863,0.09896788990825689,0.0005938073394495413
3.9150000000000003e-07,0.0863,0.09883188273018782,0.000592991296381127
3.9100000000000005e-07,0.0861,0.09859154929577464,0.0005915492957746477
3.905e-07,0.0862,0.09826721386228911,0.0005896032831737346
3.9e-07,0.0857,0.09798765149782757,0.0005879259089869654
3.8950000000000004e-07,0.0859,0.09809295420806212,0.0005885577252483727
3.89e-07,0.0861,0.09808612440191387,0.0005885167464114833
3.885e-07,0.0862,0.09822242479489517,0.0005893345487693709
3.8800000000000003e-07,0.0858,0.09754433833560709,0.0005852660300136425
3.8750000000000005e-07,0.0857,0.09730895878278642,0.0005838537526967185
3.87e-07,0.0854,0.09700136301681055,0.0005820081781008632
3.865e-07,0.0856,0.09704115179684843,0.0005822469107810905
3.8600000000000004e-07,0.085,0.09628454916175805,0.0005777072949705483
3.855e-07,0.0853,0.09658061594202899,0.0005794836956521739
3.85e-07,0.0854,0.09648627273754379,0.0005789176364252627
3.8450000000000004e-07,0.0849,0.09576988155668359,0.0005746192893401015
3.8400000000000005e-07,0.085,0.09596928982725528,0.0005758157389635317
3.835e-07,0.0846,0.0951417004048583,0.0005708502024291497
3.8300000000000003e-07,0.0843,0.09483631454606817,0.000569017887276409
3.8250000000000004e-07,0.0842,0.09453239025485573,0.0005671943415291343
3.82e-07,0.0844,0.09450229537565782,0.0005670137722539469
3.815e-07,0.0845,0.09477344100493496,0.0005686406460296097
3.8100000000000004e-07,0.0842,0.09409924005364327,0.0005645954403218596
3.805e-07,0.0845,0.09469909223355374,0.0005681945534013224
3.8e-07,0.084,0.09380234505862647,0.0005628140703517588
3.7950000000000003e-07,0.0842,0.09414132379248659,0.0005648479427549195
3.7900000000000005e-07,0.084,0.0937186209974339,0.0005623117259846034
3.785e-07,0.0841,0.09411369740376008,0.0005646821844225605
3.78e-07,0.0838,0.09328732049426695,0.0005597239229656017
3.7750000000000004e-07,0.0844,0.09428060768543342,0.0005656836461126005
3.77e-07,0.0841,0.09361086375779162,0.0005616651825467498
3.765e-07,0.0834,0.09278006452330627,0.0005566803871398376
3.7600000000000003e-07,0.0833,0.0923913043478261,0.0005543478260869566
3.7550000000000005e-07,0.0839,0.0933466844681798,0.0005600801068090787
3.75e-07,0.0832,0.09238285587386187,0.0005542971352431712
3.745e-07,0.0832,0.09223946784922395,0.0005534368070953437
3.7400000000000004e-07,0.0831,0.09211839042234785,0.0005527103425340871
3.735e-07,0.0835,0.09254128338690015,0.000555247700321401
3.73e-07,0.0832,0.0920353982300885,0.0005522123893805309
3.7250000000000003e-07,0.0831,0.09163083030102546,0.0005497849818061528
3.7200000000000005e-07,0.0829,0.09154151943462899,0.0005492491166077739
3.715e-07,0.0826,0.0915235457063712,0.0005491412742382271
3.7100000000000003e-07,0.0827,0.09148230088495575,0.0005488938053097344
3.7050000000000004e-07,0.0828,0.09147149801148917,0.0005488289880689351
3.7e-07,0.0827,0.09155319384479131,0.0005493191630687479
3.695e-07,0.0824,0.09111012826183106,0.0005466607695709863
3.6900000000000004e-07,0.0823,0.0908188037960715,0.0005449128227764291
3.685e-07,0.0828,0.09109913081747166,0.0005465947849048299
3.68e-07,0.0824,0.09076889182639347,0.0005446133509583608
3.6750000000000003e-07,0.0823,0.09042962311833865,0.0005425777387100319
3.6700000000000004e-07,0.0823,0.09071869488536155,0.0005443121693121692
3.665e-07,0.0825,0.09067927016926797,0.0005440756210156078
3.66e-07,0.0819,0.08989134013829436,0.0005393480408297661
3.6550000000000004e-07,0.0824,0.09023215067893123,0.0005413929040735874
3.65e-07,0.0821,0.09014053579270971,0.0005408432147562583
3.645e-07,0.0816,0.08936589639688972,0.0005361953783813383
3.6400000000000003e-07,0.0818,0.0894282278342626,0.0005365693670055755
3.6350000000000005e-07,0.0819,0.0896257386736704,0.0005377544320420224
3.63e-07,0.0815,0.08924660534384582,0.0005354796320630749
3.625e-07,0.082,0.08962728167012789,0.0005377636900207673
3.6200000000000004e-07,0.0822,0.08980662078007211,0.0005388397246804327
3.615e-07,0.0817,0.08914348063284233,0.000534860883797054
3.61e-07,0.0811,0.08876970227670754,0.0005326182136602452
3.6050000000000003e-07,0.0814,0.08847826086956521,0.0005308695652173913
3.6000000000000005e-07,0.0819,0.08906046107003045,0.0005343627664201827
3.595e-07,0.0813,0.0886586695747001,0.0005319520174482006
3.59e-07,0.081,0.08804347826086957,0.0005282608695652174
3.5850000000000004e-07,0.0805,0.08737653315966569,0.0005242591989579942
3.58e-07,0.0815,0.08884770522184672,0.0005330862313310803
3.575e-07,0.0808,0.087683125339121,0.000526098752034726
3.5700000000000003e-07,0.0805,0.08744297197479906,0.0005246578318487944
3.565e-07,0.081,0.0881488736532811,0.0005288932419196865
3.56e-07,0.0809,0.08745000540482109,0.0005247000324289265
3.5550000000000003e-07,0.0805,0.08704584775086506,0.0005222750865051904
3.5500000000000004e-07,0.0799,0.08620131621534147,0.0005172078972920488
3.545e-07,0.0798,0.08629825889477669,0.0005177895533686601
3.54e-07,0.0805,0.08701761971678737,0.0005221057183007242
3.5350000000000004e-07,0.08,0.08626266982963122,0.0005175760189777873
3.53e-07,0.0801,0.0862031855359449,0.0005172191132156694
3.525e-07,0.0801,0.08612903225806452,0.0005167741935483871
3.5200000000000003e-07,0.0796,0.08534362603195025,0.0005120617561917016
3.5150000000000004e-07,0.079,0.0850468295833782,0.0005102809775002692
3.51e-07,0.079,0.0846640231486443,0.0005079841388918658
3.505e-07,0.0787,0.08451460481099657,0.0005070876288659794
3.5000000000000004e-07,0.0775,0.08304757822546077,0.0004982854693527647
